{"triangles":[{"sides":[2.0,3.0,4.5],"perimeter":9.5,"exists":true,"area":2.39057393736316,"angle":[20.741916480734574,32.08918386326597,127.16889965599945]},{"sides":[2.0,3.0,4.5],"perimeter":9.5,"exists":true,"area":2.39057393736316,"angle":[20.741916480734574,32.08918386326597,127.16889965599945]},{"sides":[2.0,3.0,4.5],"perimeter":9.5,"exists":true,"area":2.39057393736316,"angle":[20.741916480734574,32.08918386326597,127.16889965599945]},{"sides":[2.0,3.0,4.5],"perimeter":9.5,"exists":true,"area":2.39057393736316,"angle":[20.741916480734574,32.08918386326597,127.16889965599945]}]}